stationName,stationCode,latitude,longitude,altitude,launchDate,url
CruzeirodoSul,A108,-7.610773,-72.681333,220,14/05/2015,http://www.inmet.gov.br/sonabra/pg_dspDadosCodigo_sim.php?QTEwOA==
Epitaciolândia,A140,-11.023752,-68.735180,225,25/09/2009,http://www.inmet.gov.br/sonabra/pg_dspDadosCodigo_sim.php?QTE0MA==
Feijó,A138,-8.142654,-70.343594,157,24/09/2009,http://www.inmet.gov.br/sonabra/pg_dspDadosCodigo_sim.php?QTEzOA==
MarechalThaumaturgo,A137,-8.950008,-72.786778,221,27/10/2009,http://www.inmet.gov.br/sonabra/pg_dspDadosCodigo_sim.php?QTEzNw==
ParqueEstadualChandless,A102,-9.358353,-69.926257,185,05/08/2008,http://www.inmet.gov.br/sonabra/pg_dspDadosCodigo_sim.php?QTEwMg==
PortoWalter,A136,-8.267197,-72.747838,205,29/10/2009,http://www.inmet.gov.br/sonabra/pg_dspDadosCodigo_sim.php?QTEzNg==
RioBranco,A104,-9.957844,-68.165169,224,11/07/2008,http://www.inmet.gov.br/sonabra/pg_dspDadosCodigo_sim.php?QTEwNA==
Arapiraca,A353,-9.804551,-36.619198,237,27/04/2008,http://www.inmet.gov.br/sonabra/pg_dspDadosCodigo_sim.php?QTM1Mw==
Coruripe,A355,-10.128482,-36.286348,82,06/09/2008,http://www.inmet.gov.br/sonabra/pg_dspDadosCodigo_sim.php?QTM1NQ==
Maceió,A303,-9.551168,-35.770195,84,25/02/2003,http://www.inmet.gov.br/sonabra/pg_dspDadosCodigo_sim.php?QTMwMw==
PalmeiradosÍndios,A327,-9.420334,-36.620371,278,11/07/2007,http://www.inmet.gov.br/sonabra/pg_dspDadosCodigo_sim.php?QTMyNw==
PãodeAçucar,A323,-9.749220,-37.430765,21,14/07/2007,http://www.inmet.gov.br/sonabra/pg_dspDadosCodigo_sim.php?QTMyMw==
Piranhas,A371,-9.622261,-37.767113,187,20/09/2017,http://www.inmet.gov.br/sonabra/pg_dspDadosCodigo_sim.php?QTM3MQ==
SãoLuisdoQuitunde,A356,-9.287481,-35.565878,14,08/09/2008,http://www.inmet.gov.br/sonabra/pg_dspDadosCodigo_sim.php?QTM1Ng==
Apui,A113,-7.205475,-59.888561,157,19/07/2008,http://www.inmet.gov.br/sonabra/pg_dspDadosCodigo_sim.php?QTExMw==
Autazes,A120,-3.583333,-59.12944,20,17/04/2008,http://www.inmet.gov.br/sonabra/pg_dspDadosCodigo_sim.php?QTEyMA==
Barcelos,A128,-0.987292,-62.924251,30,19/04/2008,http://www.inmet.gov.br/sonabra/pg_dspDadosCodigo_sim.php?QTEyOA==
BocadoAcre,A110,-8.776804,-67.332557,112,15/07/2008,http://www.inmet.gov.br/sonabra/pg_dspDadosCodigo_sim.php?QTExMA==
Coari,A117,-4.097483,-63.145322,34,12/04/2008,http://www.inmet.gov.br/sonabra/pg_dspDadosCodigo_sim.php?QTExNw==
Eirunepé,A109,-6.650301,-69.868610,122,31/08/2012,http://www.inmet.gov.br/sonabra/pg_dspDadosCodigo_sim.php?QTEwOQ==
Humaitá,A112,-7.552520,-63.071343,54,25/04/2008,http://www.inmet.gov.br/sonabra/pg_dspDadosCodigo_sim.php?QTExMg==
Itacoatiara,A121,-3.133333,-58.48278,42,17/04/2008,http://www.inmet.gov.br/sonabra/pg_dspDadosCodigo_sim.php?QTEyMQ==
Lábrea,A111,-7.260681,-64.788501,62,27/07/2008,http://www.inmet.gov.br/sonabra/pg_dspDadosCodigo_sim.php?QTExMQ==
Manacapuru,A119,-3.294638,-60.628402,37,10/04/2004,http://www.inmet.gov.br/sonabra/pg_dspDadosCodigo_sim.php?QTExOQ==
Manaus,A101,-3.103682,-60.015461,49,09/05/2000,http://www.inmet.gov.br/sonabra/pg_dspDadosCodigo_sim.php?QTEwMQ==
Manicore,A133,-5.788533,-61.288276,41,12/12/2011,http://www.inmet.gov.br/sonabra/pg_dspDadosCodigo_sim.php?QTEzMw==
Maués,A122,-3.399010,-57.673772,25,22/04/2008,http://www.inmet.gov.br/sonabra/pg_dspDadosCodigo_sim.php?QTEyMg==
Parintins,A123,-2.639152,-56.756177,19,10/04/2008,http://www.inmet.gov.br/sonabra/pg_dspDadosCodigo_sim.php?QTEyMw==
PresidenteFigueiredo,A126,-2.056558,-60.025756,61,19/04/2008,http://www.inmet.gov.br/sonabra/pg_dspDadosCodigo_sim.php?QTEyNg==
RioUrubu,A125,-2.633654,-59.600582,113,26/06/2008,http://www.inmet.gov.br/sonabra/pg_dspDadosCodigo_sim.php?QTEyNQ==
SãoGabrieldaCachoeira,A134,-0.125207,-67.061246,80,31/08/2011,http://www.inmet.gov.br/sonabra/pg_dspDadosCodigo_sim.php?QTEzNA==
Urucará,A124,-2.534749,-57.758099,18,17/04/2008,http://www.inmet.gov.br/sonabra/pg_dspDadosCodigo_sim.php?QTEyNA==
Itaubal,A251,0.5678333,-50.8235278,21,24/08/2017,http://www.inmet.gov.br/sonabra/pg_dspDadosCodigo_sim.php?QTI1MQ==
Macapá,A249,0.035020,-51.088763,17,12/12/2013,http://www.inmet.gov.br/sonabra/pg_dspDadosCodigo_sim.php?QTI0OQ==
Oiapoque,A242,3.813583,-51.862500,15,11/09/2008,http://www.inmet.gov.br/sonabra/pg_dspDadosCodigo_sim.php?QTI0Mg==
Tartarugalzinho,A243,1.496667,-50.9167,21,07/09/2008,http://www.inmet.gov.br/sonabra/pg_dspDadosCodigo_sim.php?QTI0Mw==
Abrolhos,A422,-17.963016,-38.703288,21,21/07/2008,http://www.inmet.gov.br/sonabra/pg_dspDadosCodigo_sim.php?QTQyMg==
Amargosa,A434,-13.009468,-39.616881,398,11/07/2008,http://www.inmet.gov.br/sonabra/pg_dspDadosCodigo_sim.php?QTQzNA==
Barra,A429,-11.084858,-43.138998,408,12/05/2008,http://www.inmet.gov.br/sonabra/pg_dspDadosCodigo_sim.php?QTQyOQ==
Barreiras,A402,-12.124715,-45.027049,474,20/12/2001,http://www.inmet.gov.br/sonabra/pg_dspDadosCodigo_sim.php?QTQwMg==
Belmonte,A447,-16.088049,-39.215389,90,02/07/2009,http://www.inmet.gov.br/sonabra/pg_dspDadosCodigo_sim.php?QTQ0Nw==
BomJesusdaLapa,A418,-13.251094,-43.405365,448,18/05/2007,http://www.inmet.gov.br/sonabra/pg_dspDadosCodigo_sim.php?QTQxOA==
Brumado,A433,-14.181886,-41.672281,473,28/04/2008,http://www.inmet.gov.br/sonabra/pg_dspDadosCodigo_sim.php?QTQzMw==
Buritirama,A432,-10.722925,-43.651203,506,15/05/2008,http://www.inmet.gov.br/sonabra/pg_dspDadosCodigo_sim.php?QTQzMg==
Caravelas,A405,-17.739413,-39.258617,6,20/12/2002,http://www.inmet.gov.br/sonabra/pg_dspDadosCodigo_sim.php?QTQwNQ==
Conde,A431,-12.035833,-37.683889,32,07/04/2008,http://www.inmet.gov.br/sonabra/pg_dspDadosCodigo_sim.php?QTQzMQ==
Correntina,A416,-13.332386,-44.617376,552,09/11/2007,http://www.inmet.gov.br/sonabra/pg_dspDadosCodigo_sim.php?QTQxNg==
CruzdasAlmas,A406,-12.675422,-39.089580,220,19/01/2003,http://www.inmet.gov.br/sonabra/pg_dspDadosCodigo_sim.php?QTQwNg==
Curaçá,A448,-9.0013,-39.9124,370,20/08/2015,http://www.inmet.gov.br/sonabra/pg_dspDadosCodigo_sim.php?QTQ0OA==
Delfino,A443,-10.454920,-41.206996,646,15/07/2008,http://www.inmet.gov.br/sonabra/pg_dspDadosCodigo_sim.php?QTQ0Mw==
EuclidesdaCunha,A442,-10.537233,-38.996605,432,31/03/2008,http://www.inmet.gov.br/sonabra/pg_dspDadosCodigo_sim.php?QTQ0Mg==
FeiradeSantana,A413,-12.196200,-38.967384,230,26/05/2007,http://www.inmet.gov.br/sonabra/pg_dspDadosCodigo_sim.php?QTQxMw==
FormosadoRioPreto,A452,-11.0521639,-45.2007694,488,02/06/2016,http://www.inmet.gov.br/sonabra/pg_dspDadosCodigo_sim.php?QTQ1Mg==
Guanambi,A426,-14.2081235,-42.749647,552,24/04/2008,http://www.inmet.gov.br/sonabra/pg_dspDadosCodigo_sim.php?QTQyNg==
Ibotirama,A439,-12.193060,-43.213420,425,28/04/2008,http://www.inmet.gov.br/sonabra/pg_dspDadosCodigo_sim.php?QTQzOQ==
Ilhéus,A410,-14.658803,-39.181438,80,25/01/2003,http://www.inmet.gov.br/sonabra/pg_dspDadosCodigo_sim.php?QTQxMA==
Ipiaú,A445,-14.171304,-39.692502,132,30/06/2009,http://www.inmet.gov.br/sonabra/pg_dspDadosCodigo_sim.php?QTQ0NQ==
Irecê,A424,-11.328998,-41.864504,768,31/03/2008,http://www.inmet.gov.br/sonabra/pg_dspDadosCodigo_sim.php?QTQyNA==
Itaberaba,A408,-12.524062,-40.299714,250,29/01/2003,http://www.inmet.gov.br/sonabra/pg_dspDadosCodigo_sim.php?QTQwOA==
Itamaraju,A455,-17.436667,-39.550861,110,28/05/2016,http://www.inmet.gov.br/sonabra/pg_dspDadosCodigo_sim.php?QTQ1NQ==
Itapetinga,A446,-15.24462,-40.22955,271,25/06/2009,http://www.inmet.gov.br/sonabra/pg_dspDadosCodigo_sim.php?QTQ0Ng==
Itiruçu,A407,-13.527828,-40.119752,757,09/02/2003,http://www.inmet.gov.br/sonabra/pg_dspDadosCodigo_sim.php?QTQwNw==
Jacobina,A440,-11.205136,-40.464979,441,01/05/2008,http://www.inmet.gov.br/sonabra/pg_dspDadosCodigo_sim.php?QTQ0MA==
Jeremoabo,A450,-10.0807,-38.3459,261,13/08/2015,http://www.inmet.gov.br/sonabra/pg_dspDadosCodigo_sim.php?QTQ1MA==
Lençóis,A425,-12.557854,-41.388808,438,05/04/2008,http://www.inmet.gov.br/sonabra/pg_dspDadosCodigo_sim.php?QTQyNQ==
LuisEduardoMagalhaes,A404,-12.152394,-45.829745,761,18/04/2002,http://www.inmet.gov.br/sonabra/pg_dspDadosCodigo_sim.php?QTQwNA==
Macajuba,A412,-12.131694,-40.354222,339,03/02/2003,http://www.inmet.gov.br/sonabra/pg_dspDadosCodigo_sim.php?QTQxMg==
Macaúbas,A454,-13.0389,-42.6172,574,07/04/2016,http://www.inmet.gov.br/sonabra/pg_dspDadosCodigo_sim.php?QTQ1NA==
Maraú,A438,-13.90694,-38.97222,6,22/06/2008,http://www.inmet.gov.br/sonabra/pg_dspDadosCodigo_sim.php?QTQzOA==
PauloAfonso,A411,-9.378106,-38.226771,255,15/02/2003,http://www.inmet.gov.br/sonabra/pg_dspDadosCodigo_sim.php?QTQxMQ==
Piatã,A430,-13.155681,-41.774125,1,284,03/05/2008,http://www.inmet.gov.br/sonabra/pg_dspDadosCodigo_sim.php?QTQzMA==
PilãoArcado,A449,-10.002261,-42.473641,400,01/04/2016,http://www.inmet.gov.br/sonabra/pg_dspDadosCodigo_sim.php?QTQ0OQ==
PortoSeguro,A427,-16.388977,-39.182389,86,10/07/2008,http://www.inmet.gov.br/sonabra/pg_dspDadosCodigo_sim.php?QTQyNw==
Queimadas,A436,-10.984645,-39.617009,310,23/05/2008,http://www.inmet.gov.br/sonabra/pg_dspDadosCodigo_sim.php?QTQzNg==
Remanso,A423,-9.625693,-42.077214,397,26/03/2008,http://www.inmet.gov.br/sonabra/pg_dspDadosCodigo_sim.php?QTQyMw==
Salvador,A401,-13.005515,-38.505760,48,13/05/2000,http://www.inmet.gov.br/sonabra/pg_dspDadosCodigo_sim.php?QTQwMQ==
SantaRitadeCássia,A415,-11.002768,-44.524965,450,28/05/2007,http://www.inmet.gov.br/sonabra/pg_dspDadosCodigo_sim.php?QTQxNQ==
SenhordoBonfim,A428,-10.443072,-40.148244,532,27/03/2008,http://www.inmet.gov.br/sonabra/pg_dspDadosCodigo_sim.php?QTQyOA==
Serrinha,A441,-11.664586,-39.022946,338,09/05/2008,http://www.inmet.gov.br/sonabra/pg_dspDadosCodigo_sim.php?QTQ0MQ==
Uauá,A435,-9.833617,-39.495631,451,20/05/2008,http://www.inmet.gov.br/sonabra/pg_dspDadosCodigo_sim.php?QTQzNQ==
Una,A437,-15.280215,-39.091270,74,25/06/2008,http://www.inmet.gov.br/sonabra/pg_dspDadosCodigo_sim.php?QTQzNw==
Valença,A444,-13.34361,-39.12667,93,29/06/2009,http://www.inmet.gov.br/sonabra/pg_dspDadosCodigo_sim.php?QTQ0NA==
VitóriadaConquista,A414,-14.886428,-40.801330,879,01/06/2007,http://www.inmet.gov.br/sonabra/pg_dspDadosCodigo_sim.php?QTQxNA==
Acaraú,A360,-3.121067,-40.087288,67,22/04/2009,http://www.inmet.gov.br/sonabra/pg_dspDadosCodigo_sim.php?QTM2MA==
Barbalha,A315,-7.300925,-39.271107,409,31/05/2007,http://www.inmet.gov.br/sonabra/pg_dspDadosCodigo_sim.php?QTMxNQ==
CamposSales,A347,-7.077730,-40.362678,578,07/03/2008,http://www.inmet.gov.br/sonabra/pg_dspDadosCodigo_sim.php?QTM0Nw==
Crateús,A342,-5.186636,-40.672128,298,11/12/2008,http://www.inmet.gov.br/sonabra/pg_dspDadosCodigo_sim.php?QTM0Mg==
Fortaleza,A305,-3.815701,-38.537792,30,18/02/2003,http://www.inmet.gov.br/sonabra/pg_dspDadosCodigo_sim.php?QTMwNQ==
Guaramiranga,A314,-4.261351,-38.931068,866,26/05/2007,http://www.inmet.gov.br/sonabra/pg_dspDadosCodigo_sim.php?QTMxNA==
Iguatu,A319,-6.396375,-39.268954,222,30/05/2007,http://www.inmet.gov.br/sonabra/pg_dspDadosCodigo_sim.php?QTMxOQ==
Itapipoca,A359,-3.484298,-39.588715,104,05/09/2008,http://www.inmet.gov.br/sonabra/pg_dspDadosCodigo_sim.php?QTM1OQ==
Jaguaribe,A358,-5.905589,-38.627792,149,10/09/2008,http://www.inmet.gov.br/sonabra/pg_dspDadosCodigo_sim.php?QTM1OA==
Jaguaruana,A339,-4.853511,-37.777189,17,10/11/2007,http://www.inmet.gov.br/sonabra/pg_dspDadosCodigo_sim.php?QTMzOQ==
MoradaNova,A332,-5.136689,-38.356590,45,24/08/2007,http://www.inmet.gov.br/sonabra/pg_dspDadosCodigo_sim.php?QTMzMg==
Quixeramobim,A325,-5.174568,-39.289393,221,09/07/2007,http://www.inmet.gov.br/sonabra/pg_dspDadosCodigo_sim.php?QTMyNQ==
Sobral,A306,-3.748177,-40.345720,92,12/02/2003,http://www.inmet.gov.br/sonabra/pg_dspDadosCodigo_sim.php?QTMwNg==
Tauá,A324,-6.017474,-40.281321,411,12/07/2007,http://www.inmet.gov.br/sonabra/pg_dspDadosCodigo_sim.php?QTMyNA==
ÁguasEmendadas,A045,-15.596491,-47.625801,1,030,02/10/2008,http://www.inmet.gov.br/sonabra/pg_dspDadosCodigo_sim.php?QTA0NQ==
Brasília,A001,-15.789343,-47.925756,1,161,07/05/2000,http://www.inmet.gov.br/sonabra/pg_dspDadosCodigo_sim.php?QTAwMQ==
Brazlândia,A042,-15.652894,-48.201369,1,143,19/07/2017,http://www.inmet.gov.br/sonabra/pg_dspDadosCodigo_sim.php?QTA0Mg==
Paranoá(COOPA),A047,-16.012222,-47.557417,1,043,07/02/2017,http://www.inmet.gov.br/sonabra/pg_dspDadosCodigo_sim.php?QTA0Nw==
AfonsoCláudio,A657,-20.104194,-41.106861,507,25/09/2011,http://www.inmet.gov.br/sonabra/pg_dspDadosCodigo_sim.php?QTY1Nw==
Alegre,A617,-20.750412,-41.488852,129,25/10/2006,http://www.inmet.gov.br/sonabra/pg_dspDadosCodigo_sim.php?QTYxNw==
AlfredoChaves,A615,-20.636526,-40.741818,14,02/11/2006,http://www.inmet.gov.br/sonabra/pg_dspDadosCodigo_sim.php?QTYxNQ==
Ecoporanga,A631,-18.291519,-40.736412,224,17/03/2017,http://www.inmet.gov.br/sonabra/pg_dspDadosCodigo_sim.php?QTYzMQ==
Linhares,A614,-19.356923,-40.068680,38,27/10/2006,http://www.inmet.gov.br/sonabra/pg_dspDadosCodigo_sim.php?QTYxNA==
Marilândia,A632,-19.407181,-40.539825,95,20/03/2017,http://www.inmet.gov.br/sonabra/pg_dspDadosCodigo_sim.php?QTYzMg==
NovaVenécia,A623,-18.695265,-40.390572,156,23/06/2008,http://www.inmet.gov.br/sonabra/pg_dspDadosCodigo_sim.php?QTYyMw==
PresidenteKennedy,A622,-21.100805,-41.039395,69,18/06/2008,http://www.inmet.gov.br/sonabra/pg_dspDadosCodigo_sim.php?QTYyMg==
SantaTeresa,A613,-19.988388,-40.579572,976,09/08/2007,http://www.inmet.gov.br/sonabra/pg_dspDadosCodigo_sim.php?QTYxMw==
SãoMateus,A616,-18.676198,-39.864051,29,25/10/2006,http://www.inmet.gov.br/sonabra/pg_dspDadosCodigo_sim.php?QTYxNg==
VendaNovadoImigrante,A633,-20.385423,-41.1899342,722,11/02/2017,http://www.inmet.gov.br/sonabra/pg_dspDadosCodigo_sim.php?QTYzMw==
VilaVelha,A634,-20.467069,-40.404051,25,15/02/2017,http://www.inmet.gov.br/sonabra/pg_dspDadosCodigo_sim.php?QTYzNA==
Vitória,A612,-20.271094,-40.306069,9,31/10/2006,http://www.inmet.gov.br/sonabra/pg_dspDadosCodigo_sim.php?QTYxMg==
AltoParaísodeGoiás,A024,-14.133074,-47.523258,1,265,02/06/2007,http://www.inmet.gov.br/sonabra/pg_dspDadosCodigo_sim.php?QTAyNA==
Aragarças,A013,-15.902658,-52.245172,327,13/07/2007,http://www.inmet.gov.br/sonabra/pg_dspDadosCodigo_sim.php?QTAxMw==
Caiapônia,A023,-16.966841,-51.817567,740,21/05/2007,http://www.inmet.gov.br/sonabra/pg_dspDadosCodigo_sim.php?QTAyMw==
Catalão,A034,-18.154779,-47.927614,901,31/01/2008,http://www.inmet.gov.br/sonabra/pg_dspDadosCodigo_sim.php?QTAzNA==
Cristalina,A036,-16.784896,-47.612966,1,211,13/12/2007,http://www.inmet.gov.br/sonabra/pg_dspDadosCodigo_sim.php?QTAzNg==
Edéia,A029,-17.337001,-49.914778,610,26/08/2017,http://www.inmet.gov.br/sonabra/pg_dspDadosCodigo_sim.php?QTAyOQ==
Gama(PonteAlta),A046,-15.935139,-48.137377,990,01/10/2014,http://www.inmet.gov.br/sonabra/pg_dspDadosCodigo_sim.php?QTA0Ng==
Goianésia,A022,-15.220199,-48.990107,667,02/06/2007,http://www.inmet.gov.br/sonabra/pg_dspDadosCodigo_sim.php?QTAyMg==
Goiânia,A002,-16.642841,-49.220222,727,30/05/2001,http://www.inmet.gov.br/sonabra/pg_dspDadosCodigo_sim.php?QTAwMg==
Goiás,A014,-15.939729,-50.141433,513,16/07/2007,http://www.inmet.gov.br/sonabra/pg_dspDadosCodigo_sim.php?QTAxNA==
Iporá,A028,-16.423059,-51.148801,610,24/06/2013,http://www.inmet.gov.br/sonabra/pg_dspDadosCodigo_sim.php?QTAyOA==
Itapaci,A015,-14.979792,-49.539977,551,03/02/2007,http://www.inmet.gov.br/sonabra/pg_dspDadosCodigo_sim.php?QTAxNQ==
Itumbiara,A035,-18.409761,-49.192061,491,02/11/2007,http://www.inmet.gov.br/sonabra/pg_dspDadosCodigo_sim.php?QTAzNQ==
Jataí,A016,-17.923622,-51.717467,670,24/05/2007,http://www.inmet.gov.br/sonabra/pg_dspDadosCodigo_sim.php?QTAxNg==
Luziânia,A012,-16.260542,-47.966962,1,001,21/10/2006,http://www.inmet.gov.br/sonabra/pg_dspDadosCodigo_sim.php?QTAxMg==
MonteAlegredeGoiás,A032,-13.253521,-46.890326,551,06/06/2007,http://www.inmet.gov.br/sonabra/pg_dspDadosCodigo_sim.php?QTAzMg==
Morrinhos,A003,-17.745066,-49.101698,751,30/05/2001,http://www.inmet.gov.br/sonabra/pg_dspDadosCodigo_sim.php?QTAwMw==
Niquelândia,A004,-14.469358,-48.485756,664,01/06/2001,http://www.inmet.gov.br/sonabra/pg_dspDadosCodigo_sim.php?QTAwNA==
Paraúna,A027,-16.962536,-50.425450,679,30/03/2008,http://www.inmet.gov.br/sonabra/pg_dspDadosCodigo_sim.php?QTAyNw==
PiresdoRio,A033,-17.304153,-48.284131,757,12/10/2007,http://www.inmet.gov.br/sonabra/pg_dspDadosCodigo_sim.php?QTAzMw==
Posse,A017,-14.089210,-46.366497,830,18/04/2007,http://www.inmet.gov.br/sonabra/pg_dspDadosCodigo_sim.php?QTAxNw==
RioVerde,A025,-17.785303,-50.964869,780,17/05/2007,http://www.inmet.gov.br/sonabra/pg_dspDadosCodigo_sim.php?QTAyNQ==
SãoMigueldoAraguaia,A031,-12.820489,-50.335969,210,30/06/2017,http://www.inmet.gov.br/sonabra/pg_dspDadosCodigo_sim.php?QTAzMQ==
SãoSimão,A011,-18.969142,-50.633449,492,14/07/2006,http://www.inmet.gov.br/sonabra/pg_dspDadosCodigo_sim.php?QTAxMQ==
Silvânia,A037,-16.679786,-48.618171,952,08/10/2010,http://www.inmet.gov.br/sonabra/pg_dspDadosCodigo_sim.php?QTAzNw==
AltoParnaíba,A223,-9.108199,-45.932016,284,03/06/2008,http://www.inmet.gov.br/sonabra/pg_dspDadosCodigo_sim.php?QTIyMw==
Bacabal,A220,-4.243056,-44.794993,22,09/07/2008,http://www.inmet.gov.br/sonabra/pg_dspDadosCodigo_sim.php?QTIyMA==
Balsas,A204,-7.455609,-46.027546,271,26/10/2007,http://www.inmet.gov.br/sonabra/pg_dspDadosCodigo_sim.php?QTIwNA==
BarradoCorda,A221,-5.506782,-45.237053,154,06/03/2008,http://www.inmet.gov.br/sonabra/pg_dspDadosCodigo_sim.php?QTIyMQ==
Buriticupu,A238,-4.320597,-46.449503,175,11/09/2008,http://www.inmet.gov.br/sonabra/pg_dspDadosCodigo_sim.php?QTIzOA==
Carolina,A205,-7.337269,-47.459839,183,04/12/2007,http://www.inmet.gov.br/sonabra/pg_dspDadosCodigo_sim.php?QTIwNQ==
Caxias,A237,-4.821352,-43.343659,85,13/07/2008,http://www.inmet.gov.br/sonabra/pg_dspDadosCodigo_sim.php?QTIzNw==
Chapadinha,A206,-3.742674,-43.352084,104,17/09/2008,http://www.inmet.gov.br/sonabra/pg_dspDadosCodigo_sim.php?QTIwNg==
Colinas,A222,-6.033167,-44.233402,175,03/06/2008,http://www.inmet.gov.br/sonabra/pg_dspDadosCodigo_sim.php?QTIyMg==
Estreito,A224,-6.653272,-47.418241,183,27/02/2008,http://www.inmet.gov.br/sonabra/pg_dspDadosCodigo_sim.php?QTIyNA==
FarolPreguiças,A218,-2.592341,-42.707553,5,22/11/2008,http://www.inmet.gov.br/sonabra/pg_dspDadosCodigo_sim.php?QTIxOA==
FarolSantana,A217,-2.270811,-43.624043,10,28/11/2008,http://www.inmet.gov.br/sonabra/pg_dspDadosCodigo_sim.php?QTIxNw==
Grajaú,A207,-5.816085,-46.162200,232,10/09/2008,http://www.inmet.gov.br/sonabra/pg_dspDadosCodigo_sim.php?QTIwNw==
Imperatriz,A225,-5.555723,-47.459794,118,01/03/2008,http://www.inmet.gov.br/sonabra/pg_dspDadosCodigo_sim.php?QTIyNQ==
SãoLuís,A203,-2.526771,-44.213577,55,29/01/2003,http://www.inmet.gov.br/sonabra/pg_dspDadosCodigo_sim.php?QTIwMw==
Turiaçu,A219,-1.661224,-45.372571,36,10/06/2008,http://www.inmet.gov.br/sonabra/pg_dspDadosCodigo_sim.php?QTIxOQ==
ÁguasVermelhas,A549,-15.751536,-41.457787,754,09/09/2007,http://www.inmet.gov.br/sonabra/pg_dspDadosCodigo_sim.php?QTU0OQ==
Aimorés,A534,-19.532768,-41.090801,288,05/08/2007,http://www.inmet.gov.br/sonabra/pg_dspDadosCodigo_sim.php?QTUzNA==
Almenara,A508,-16.166773,-40.687756,189,09/12/2002,http://www.inmet.gov.br/sonabra/pg_dspDadosCodigo_sim.php?QTUwOA==
Araçuaí,A566,-16.848806,-42.035361,308,21/05/2017,http://www.inmet.gov.br/sonabra/pg_dspDadosCodigo_sim.php?QTU2Ng==
Araxá,A505,-19.605696,-46.949617,1,018,19/12/2002,http://www.inmet.gov.br/sonabra/pg_dspDadosCodigo_sim.php?QTUwNQ==
Bambuí,A565,-20.031111,-46.008811,697,22/11/2016,http://www.inmet.gov.br/sonabra/pg_dspDadosCodigo_sim.php?QTU2NQ==
Barbacena,A502,-21.228373,-43.767703,1,169,05/12/2002,http://www.inmet.gov.br/sonabra/pg_dspDadosCodigo_sim.php?QTUwMg==
BeloHorizonte,A521,-19.883945,-43.969397,854,10/10/2006,http://www.inmet.gov.br/sonabra/pg_dspDadosCodigo_sim.php?QTUyMQ==
Buritis,A544,-15.524262,-46.435536,894,19/06/2007,http://www.inmet.gov.br/sonabra/pg_dspDadosCodigo_sim.php?QTU0NA==
Caldas,A530,-21.918066,-46.382996,1,077,28/11/2006,http://www.inmet.gov.br/sonabra/pg_dspDadosCodigo_sim.php?QTUzMA==
CampinaVerde,A519,-19.539210,-49.518133,559,14/07/2006,http://www.inmet.gov.br/sonabra/pg_dspDadosCodigo_sim.php?QTUxOQ==
Capelinha,A541,-17.705504,-42.389256,932,02/09/2007,http://www.inmet.gov.br/sonabra/pg_dspDadosCodigo_sim.php?QTU0MQ==
Caratinga,A554,-19.735757,-42.137146,609,23/05/2007,http://www.inmet.gov.br/sonabra/pg_dspDadosCodigo_sim.php?QTU1NA==
ChapadaGaúcha,A548,-15.300159,-45.617431,873,22/06/2007,http://www.inmet.gov.br/sonabra/pg_dspDadosCodigo_sim.php?QTU0OA==
ConceiçãodasAlagoas,A520,-19.985860,-48.151574,573,16/07/2006,http://www.inmet.gov.br/sonabra/pg_dspDadosCodigo_sim.php?QTUyMA==
CoronelPacheco,A557,-21.546728,-43.261029,411,17/10/2012,http://www.inmet.gov.br/sonabra/pg_dspDadosCodigo_sim.php?QTU1Nw==
Curvelo,A538,-18.747711,-44.453785,669,19/12/2006,http://www.inmet.gov.br/sonabra/pg_dspDadosCodigo_sim.php?QTUzOA==
Diamantina,A537,-18.231052,-43.648269,1,359,05/06/2007,http://www.inmet.gov.br/sonabra/pg_dspDadosCodigo_sim.php?QTUzNw==
Divinópolis,A564,-20.173278,-44.874944,796,26/10/2017,http://www.inmet.gov.br/sonabra/pg_dspDadosCodigo_sim.php?QTU2NA==
DoresdoIndaiá,A536,-19.481935,-45.593932,721,01/06/2007,http://www.inmet.gov.br/sonabra/pg_dspDadosCodigo_sim.php?QTUzNg==
Espinosa,A543,-14.912284,-42.808473,565,14/11/2007,http://www.inmet.gov.br/sonabra/pg_dspDadosCodigo_sim.php?QTU0Mw==
Florestal,A535,-19.885398,-44.416883,754,27/06/2008,http://www.inmet.gov.br/sonabra/pg_dspDadosCodigo_sim.php?QTUzNQ==
Formiga,A524,-20.454930,-45.453825,878,17/08/2006,http://www.inmet.gov.br/sonabra/pg_dspDadosCodigo_sim.php?QTUyNA==
GovernadorValadares,A532,-18.830354,-41.977007,198,29/05/2007,http://www.inmet.gov.br/sonabra/pg_dspDadosCodigo_sim.php?QTUzMg==
Guanhães,A533,-18.786842,-42.942921,853,02/06/2007,http://www.inmet.gov.br/sonabra/pg_dspDadosCodigo_sim.php?QTUzMw==
Guarda,A546,-17.561349,-47.199251,997,11/07/2007,http://www.inmet.gov.br/sonabra/pg_dspDadosCodigo_sim.php?QTU0Ng==
Ibirité(RolaMoça),A555,-20.031457,-44.011249,1,199,07/06/2008,http://www.inmet.gov.br/sonabra/pg_dspDadosCodigo_sim.php?QTU1NQ==
Itaobim,A550,-16.575667,-41.485588,272,05/09/2007,http://www.inmet.gov.br/sonabra/pg_dspDadosCodigo_sim.php?QTU1MA==
Ituiutaba,A512,-18.952907,-49.525072,540,11/05/2006,http://www.inmet.gov.br/sonabra/pg_dspDadosCodigo_sim.php?QTUxMg==
Janaúba,A563,-15.802833,-43.297056,532,19/11/2016,http://www.inmet.gov.br/sonabra/pg_dspDadosCodigo_sim.php?QTU2Mw==
Januária,A559,-15.44808917,-44.36631333,468,04/06/2016,http://www.inmet.gov.br/sonabra/pg_dspDadosCodigo_sim.php?QTU1OQ==
JoãoPinheiro,A553,-17.784770,-46.119394,877,07/07/2007,http://www.inmet.gov.br/sonabra/pg_dspDadosCodigo_sim.php?QTU1Mw==
JuizdeFora,A518,-21.769965,-43.364329,937,26/05/2007,http://www.inmet.gov.br/sonabra/pg_dspDadosCodigo_sim.php?QTUxOA==
Machado,A567,-21.680722,-45.944389,969,21/07/2017,http://www.inmet.gov.br/sonabra/pg_dspDadosCodigo_sim.php?QTU2Nw==
Manhuaçu,A556,-20.263378,-42.182817,819,25/09/2010,http://www.inmet.gov.br/sonabra/pg_dspDadosCodigo_sim.php?QTU1Ng==
Mantena,A540,-18.780620,-40.986505,255,01/08/2007,http://www.inmet.gov.br/sonabra/pg_dspDadosCodigo_sim.php?QTU0MA==
MariadaFé,A531,-22.314567,-45.373049,1,281,01/12/2006,http://www.inmet.gov.br/sonabra/pg_dspDadosCodigo_sim.php?QTUzMQ==
Mocambinho,A539,-15.085958,-44.016036,454,11/11/2007,http://www.inmet.gov.br/sonabra/pg_dspDadosCodigo_sim.php?QTUzOQ==
Montalvânia,A526,-14.408228,-44.404123,520,26/06/2007,http://www.inmet.gov.br/sonabra/pg_dspDadosCodigo_sim.php?QTUyNg==
MontesClaros,A506,-16.686316,-43.843763,646,16/12/2002,http://www.inmet.gov.br/sonabra/pg_dspDadosCodigo_sim.php?QTUwNg==
MonteVerde,A509,-22.861604,-46.043365,1,545,19/12/2004,http://www.inmet.gov.br/sonabra/pg_dspDadosCodigo_sim.php?QTUwOQ==
Muriaé,A517,-21.104867,-42.375904,283,28/08/2006,http://www.inmet.gov.br/sonabra/pg_dspDadosCodigo_sim.php?QTUxNw==
Oliveira,A570,-20.714917,-44.864556,1,025,20/10/2017,http://www.inmet.gov.br/sonabra/pg_dspDadosCodigo_sim.php?QTU3MA==
OuroBranco,A513,-20.556592,-43.756220,1,048,28/07/2006,http://www.inmet.gov.br/sonabra/pg_dspDadosCodigo_sim.php?QTUxMw==
PassaQuatro,A529,-22.395799,-44.961909,1,017,30/05/2007,http://www.inmet.gov.br/sonabra/pg_dspDadosCodigo_sim.php?QTUyOQ==
Passos,A516,-20.745237,-46.633916,782,16/07/2006,http://www.inmet.gov.br/sonabra/pg_dspDadosCodigo_sim.php?QTUxNg==
PatosdeMinas,A562,-18.520667,-46.440611,950,12/05/2017,http://www.inmet.gov.br/sonabra/pg_dspDadosCodigo_sim.php?QTU2Mg==
Patrocíonio,A523,-18.996684,-46.985935,978,22/08/2006,http://www.inmet.gov.br/sonabra/pg_dspDadosCodigo_sim.php?QTUyMw==
Pirapora,A545,-17.258064,-44.835600,505,04/07/2007,http://www.inmet.gov.br/sonabra/pg_dspDadosCodigo_sim.php?QTU0NQ==
Pompéu,A560,-19.239555,-45.008187,705,20/08/2015,http://www.inmet.gov.br/sonabra/pg_dspDadosCodigo_sim.php?QTU2MA==
RioPardodeMinas,A551,-15.723139,-42.43575,850,17/11/2007,http://www.inmet.gov.br/sonabra/pg_dspDadosCodigo_sim.php?QTU1MQ==
Sacramento,A525,-19.875271,-47.434102,913,18/08/2006,http://www.inmet.gov.br/sonabra/pg_dspDadosCodigo_sim.php?QTUyNQ==
Salinas,A552,-16.160327,-42.310266,487,14/07/2007,http://www.inmet.gov.br/sonabra/pg_dspDadosCodigo_sim.php?QTU1Mg==
SãoJoãodelRei,A514,-21.106502,-44.250928,930,09/06/2006,http://www.inmet.gov.br/sonabra/pg_dspDadosCodigo_sim.php?QTUxNA==
SãoRomão,A547,-16.362747,-45.123801,490,30/06/2007,http://www.inmet.gov.br/sonabra/pg_dspDadosCodigo_sim.php?QTU0Nw==
SãoSebastiãodoParaíso,A561,-20.909892,-47.114259,845,17/08/2015,http://www.inmet.gov.br/sonabra/pg_dspDadosCodigo_sim.php?QTU2MQ==
SerradosAimorés,A522,-17.798799,-40.249933,212,21/08/2006,http://www.inmet.gov.br/sonabra/pg_dspDadosCodigo_sim.php?QTUyMg==
SeteLagoas,A569,-19.455288,-44.173380,719,10/04/2016,http://www.inmet.gov.br/sonabra/pg_dspDadosCodigo_sim.php?QTU2OQ==
TeófiloOtoni,A527,-17.892840,-41.515423,467,25/08/2006,http://www.inmet.gov.br/sonabra/pg_dspDadosCodigo_sim.php?QTUyNw==
Timóteo,A511,-19.573824,-42.622413,493,22/02/2006,http://www.inmet.gov.br/sonabra/pg_dspDadosCodigo_sim.php?QTUxMQ==
TrêsMarias,A528,-18.200855,-45.459836,931,25/08/2006,http://www.inmet.gov.br/sonabra/pg_dspDadosCodigo_sim.php?QTUyOA==
UBERABA,A568,-19.710028,-47.961889,778,18/05/2017,http://www.inmet.gov.br/sonabra/pg_dspDadosCodigo_sim.php?QTU2OA==
Uberlândia,A507,-18.917072,-48.255657,875,14/12/2002,http://www.inmet.gov.br/sonabra/pg_dspDadosCodigo_sim.php?QTUwNw==
Unaí,A542,-16.554101,-46.881935,641,15/06/2007,http://www.inmet.gov.br/sonabra/pg_dspDadosCodigo_sim.php?QTU0Mg==
Varginha,A515,-21.566513,-45.404300,950,13/07/2006,http://www.inmet.gov.br/sonabra/pg_dspDadosCodigo_sim.php?QTUxNQ==
Viçosa,A510,-20.762607,-42.864013,698,15/09/2005,http://www.inmet.gov.br/sonabra/pg_dspDadosCodigo_sim.php?QTUxMA==
ÁguaClara,A756,-20.44444,-52.87583,324,15/08/2010,http://www.inmet.gov.br/sonabra/pg_dspDadosCodigo_sim.php?QTc1Ng==
Amambaí,A750,-23.002530,-55.329357,434,12/06/2008,http://www.inmet.gov.br/sonabra/pg_dspDadosCodigo_sim.php?QTc1MA==
Aquidauana,A719,-20.475420,-55.784006,151,01/11/2006,http://www.inmet.gov.br/sonabra/pg_dspDadosCodigo_sim.php?QTcxOQ==
Bataguassu,A759,-21.750123,-52.471294,392,21/03/2013,http://www.inmet.gov.br/sonabra/pg_dspDadosCodigo_sim.php?QTc1OQ==
BelaVista,A757,-22.101536,-56.540763,206,09/08/2011,http://www.inmet.gov.br/sonabra/pg_dspDadosCodigo_sim.php?QTc1Nw==
CampoGrande,A702,-20.447195,-54.722615,528,11/09/2001,http://www.inmet.gov.br/sonabra/pg_dspDadosCodigo_sim.php?QTcwMg==
Cassilândia,A742,-19.122471,-51.720732,495,08/03/2008,http://www.inmet.gov.br/sonabra/pg_dspDadosCodigo_sim.php?QTc0Mg==
ChapadãodoSul,A730,-18.802187,-52.602620,821,19/12/2006,http://www.inmet.gov.br/sonabra/pg_dspDadosCodigo_sim.php?QTczMA==
Corumbá,A724,-18.99667,-57.6375,112,27/10/2006,http://www.inmet.gov.br/sonabra/pg_dspDadosCodigo_sim.php?QTcyNA==
CostaRica,A760,-18.492665,-53.171261,727,04/12/2012,http://www.inmet.gov.br/sonabra/pg_dspDadosCodigo_sim.php?QTc2MA==
Coxim,A720,-18.512146,-54.736116,251,07/11/2006,http://www.inmet.gov.br/sonabra/pg_dspDadosCodigo_sim.php?QTcyMA==
Dourados,A721,-22.193920,-54.911355,463,21/10/2006,http://www.inmet.gov.br/sonabra/pg_dspDadosCodigo_sim.php?QTcyMQ==
Itaquiraí,A752,-23.449501,-54.181858,338,31/05/2008,http://www.inmet.gov.br/sonabra/pg_dspDadosCodigo_sim.php?QTc1Mg==
Ivinhema,A709,-22.300421,-53.822895,377,10/02/2003,http://www.inmet.gov.br/sonabra/pg_dspDadosCodigo_sim.php?QTcwOQ==
Jardim,A758,-21.478529,-56.137717,252,04/08/2011,http://www.inmet.gov.br/sonabra/pg_dspDadosCodigo_sim.php?QTc1OA==
Juti,A749,-22.857210,-54.605634,375,18/06/2008,http://www.inmet.gov.br/sonabra/pg_dspDadosCodigo_sim.php?QTc0OQ==
Maracaju,A731,-21.609036,-55.177531,389,14/12/2006,http://www.inmet.gov.br/sonabra/pg_dspDadosCodigo_sim.php?QTczMQ==
Miranda,A722,-20.395530,-56.431736,132,02/11/2006,http://www.inmet.gov.br/sonabra/pg_dspDadosCodigo_sim.php?QTcyMg==
Nhumirim,A717,-18.988681,-56.622868,102,03/08/2006,http://www.inmet.gov.br/sonabra/pg_dspDadosCodigo_sim.php?QTcxNw==
Paranaíba,A710,-19.695517,-51.181769,408,13/11/2006,http://www.inmet.gov.br/sonabra/pg_dspDadosCodigo_sim.php?QTcxMA==
PontaPorã,A703,-22.552448,-55.716317,668,06/09/2001,http://www.inmet.gov.br/sonabra/pg_dspDadosCodigo_sim.php?QTcwMw==
PortoMurtinho,A723,-21.705850,-57.886546,79,24/10/2006,http://www.inmet.gov.br/sonabra/pg_dspDadosCodigo_sim.php?QTcyMw==
RioBrilhante,A743,-21.774940,-54.528108,324,26/06/2008,http://www.inmet.gov.br/sonabra/pg_dspDadosCodigo_sim.php?QTc0Mw==
SãoGabrieldoOeste,A732,-19.420320,-54.553088,646,16/12/2006,http://www.inmet.gov.br/sonabra/pg_dspDadosCodigo_sim.php?QTczMg==
SeteQuedas,A751,-23.966893,-55.024227,398,06/06/2008,http://www.inmet.gov.br/sonabra/pg_dspDadosCodigo_sim.php?QTc1MQ==
Sidrolândia,A754,-20.981637,-54.971870,471,30/09/2008,http://www.inmet.gov.br/sonabra/pg_dspDadosCodigo_sim.php?QTc1NA==
Sonora,A761,-17.635277,-54.760470,495,30/11/2012,http://www.inmet.gov.br/sonabra/pg_dspDadosCodigo_sim.php?QTc2MQ==
TrêsLagoas,A704,-20.7900,-51.7122,329,03/09/2001,http://www.inmet.gov.br/sonabra/pg_dspDadosCodigo_sim.php?QTcwNA==
ÁguaBoa,A908,-14.016496,-52.211690,440,16/12/2006,http://www.inmet.gov.br/sonabra/pg_dspDadosCodigo_sim.php?QTkwOA==
AltaFloresta,A924,-10.077262,-56.179221,292,23/05/2007,http://www.inmet.gov.br/sonabra/pg_dspDadosCodigo_sim.php?QTkyNA==
AltoAraguaia,A909,-17.339359,-53.224449,753,22/09/2011,http://www.inmet.gov.br/sonabra/pg_dspDadosCodigo_sim.php?QTkwOQ==
AltoTaquari,A934,-17.841011,-53.289474,862,29/01/2008,http://www.inmet.gov.br/sonabra/pg_dspDadosCodigo_sim.php?QTkzNA==
Apiacás,A910,-9.563392,-57.393578,218,24/10/2006,http://www.inmet.gov.br/sonabra/pg_dspDadosCodigo_sim.php?QTkxMA==
Cáceres,A941,-16.074740,-57.693047,124,30/03/2012,http://www.inmet.gov.br/sonabra/pg_dspDadosCodigo_sim.php?QTk0MQ==
CampoNovodosParecis,A905,-13.785907,-57.838485,525,12/12/2002,http://www.inmet.gov.br/sonabra/pg_dspDadosCodigo_sim.php?QTkwNQ==
CampoVerde,A912,-15.531431,-55.135649,748,21/11/2006,http://www.inmet.gov.br/sonabra/pg_dspDadosCodigo_sim.php?QTkxMg==
Carlinda,A926,-9.970586,-55.827543,294,10/04/2008,http://www.inmet.gov.br/sonabra/pg_dspDadosCodigo_sim.php?QTkyNg==
Comodoro,A913,-13.708046,-59.762385,577,28/11/2006,http://www.inmet.gov.br/sonabra/pg_dspDadosCodigo_sim.php?QTkxMw==
Confresa,A918,-10.639518,-51.571456,233,07/06/2008,http://www.inmet.gov.br/sonabra/pg_dspDadosCodigo_sim.php?QTkxOA==
Cotriguaçu,A919,-9.906296,-58.572235,265,27/05/2007,http://www.inmet.gov.br/sonabra/pg_dspDadosCodigo_sim.php?QTkxOQ==
Cuiabá,A901,-15.559295,-56.062951,242,07/12/2002,http://www.inmet.gov.br/sonabra/pg_dspDadosCodigo_sim.php?QTkwMQ==
GauchadoNorte,A930,-13.184857,-53.257366,376,06/06/2008,http://www.inmet.gov.br/sonabra/pg_dspDadosCodigo_sim.php?QTkzMA==
GuarantãdoNorte,A906,-9.952594,-54.897834,284,20/12/2002,http://www.inmet.gov.br/sonabra/pg_dspDadosCodigo_sim.php?QTkwNg==
Guiratinga,A932,-16.341587,-53.766089,525,25/01/2008,http://www.inmet.gov.br/sonabra/pg_dspDadosCodigo_sim.php?QTkzMg==
Itiquira,A933,-17.175051,-54.501690,593,14/08/2008,http://www.inmet.gov.br/sonabra/pg_dspDadosCodigo_sim.php?QTkzMw==
Juara,A914,-11.280158,-57.526641,263,02/11/2006,http://www.inmet.gov.br/sonabra/pg_dspDadosCodigo_sim.php?QTkxNA==
Juína,A920,-11.375126,-58.774785,365,01/12/2006,http://www.inmet.gov.br/sonabra/pg_dspDadosCodigo_sim.php?QTkyMA==
NovaMaringá,A928,-13.038642,-57.092201,334,17/04/2008,http://www.inmet.gov.br/sonabra/pg_dspDadosCodigo_sim.php?QTkyOA==
NovaUbiratã,A929,-13.411105,-54.752144,466,13/04/2008,http://www.inmet.gov.br/sonabra/pg_dspDadosCodigo_sim.php?QTkyOQ==
NovoMundo,A927,-12.521901,-58.231401,426,29/02/2008,http://www.inmet.gov.br/sonabra/pg_dspDadosCodigo_sim.php?QTkyNw==
Paranatinga,A915,-14.421492,-54.036055,477,19/12/2006,http://www.inmet.gov.br/sonabra/pg_dspDadosCodigo_sim.php?QTkxNQ==
PonteseLacerda,A937,-15.234582,-59.346215,273,31/01/2008,http://www.inmet.gov.br/sonabra/pg_dspDadosCodigo_sim.php?QTkzNw==
PortoEstrela,A935,-15.324728,-57.225845,148,27/02/2008,http://www.inmet.gov.br/sonabra/pg_dspDadosCodigo_sim.php?QTkzNQ==
PrimaveradoLeste,A923,-15.579944,-54,381001,680,26/10/2017,http://www.inmet.gov.br/sonabra/pg_dspDadosCodigo_sim.php?QTkyMw==
Querência,A916,-12.627315,-52.220891,361,20/07/2007,http://www.inmet.gov.br/sonabra/pg_dspDadosCodigo_sim.php?QTkxNg==
Rondonópolis,A907,-16.462419,-54.580151,290,17/11/2003,http://www.inmet.gov.br/sonabra/pg_dspDadosCodigo_sim.php?QTkwNw==
SaltodoCéu,A936,-15.124811,-58.127092,301,28/01/2008,http://www.inmet.gov.br/sonabra/pg_dspDadosCodigo_sim.php?QTkzNg==
SantoAntôniodoLeste,A931,-14.927883,-53.883643,664,31/05/2008,http://www.inmet.gov.br/sonabra/pg_dspDadosCodigo_sim.php?QTkzMQ==
SãoFélixdoAraguaia,A921,-11.619023,-50.727856,201,18/10/2007,http://www.inmet.gov.br/sonabra/pg_dspDadosCodigo_sim.php?QTkyMQ==
SãoJosédoRioClaro,A903,-13.453981,-56.677323,340,25/02/2003,http://www.inmet.gov.br/sonabra/pg_dspDadosCodigo_sim.php?QTkwMw==
Sapezal,A911,-13.304085,-58.763525,555,20/10/2017,http://www.inmet.gov.br/sonabra/pg_dspDadosCodigo_sim.php?QTkxMQ==
Sinop,A917,-11.982245,-55.565993,367,29/10/2006,http://www.inmet.gov.br/sonabra/pg_dspDadosCodigo_sim.php?QTkxNw==
Sorriso,A904,-12.555107,-55.722863,379,16/12/2002,http://www.inmet.gov.br/sonabra/pg_dspDadosCodigo_sim.php?QTkwNA==
TangarádaSerra,A902,-14.650117,-57.431556,440,12/10/2002,http://www.inmet.gov.br/sonabra/pg_dspDadosCodigo_sim.php?QTkwMg==
VilaBeladaSantíssimaTrindade,A922,-15.062696,-59.872921,213,24/11/2006,http://www.inmet.gov.br/sonabra/pg_dspDadosCodigo_sim.php?QTkyMg==
Belém,A201,-1.411228,-48.439512,21,20/01/2003,http://www.inmet.gov.br/sonabra/pg_dspDadosCodigo_sim.php?QTIwMQ==
Bragança,A226,-1.047258,-46.785790,41,11/03/2008,http://www.inmet.gov.br/sonabra/pg_dspDadosCodigo_sim.php?QTIyNg==
Breves,A228,-1.680251,-50.478139,11,21/10/2017,http://www.inmet.gov.br/sonabra/pg_dspDadosCodigo_sim.php?QTIyOA==
Cametá,A236,-2.239653,-49.499827,10,20/06/2008,http://www.inmet.gov.br/sonabra/pg_dspDadosCodigo_sim.php?QTIzNg==
CapitãoPoço,A248,-1.734766,-47.057500,79,18/04/2011,http://www.inmet.gov.br/sonabra/pg_dspDadosCodigo_sim.php?QTI0OA==
Castanhal,A202,-1.300875,-47.947967,47,24/01/2003,http://www.inmet.gov.br/sonabra/pg_dspDadosCodigo_sim.php?QTIwMg==
ConceiçãodoAraguaia,A241,-8.30361,-49.28277,176,04/09/2008,http://www.inmet.gov.br/sonabra/pg_dspDadosCodigo_sim.php?QTI0MQ==
Itaituba,A231,-4.276978,-55.993087,24,17/02/2008,http://www.inmet.gov.br/sonabra/pg_dspDadosCodigo_sim.php?QTIzMQ==
Marabá,A240,-5.366447,-49.051166,117,25/06/2009,http://www.inmet.gov.br/sonabra/pg_dspDadosCodigo_sim.php?QTI0MA==
Medicilandia,A209,-3.510943,-52.963450,252,17/02/2008,http://www.inmet.gov.br/sonabra/pg_dspDadosCodigo_sim.php?QTIwOQ==
MinaPalito,A246,-6.320067,-55.787783,260,28/09/2010,http://www.inmet.gov.br/sonabra/pg_dspDadosCodigo_sim.php?QTI0Ng==
MonteAlegre,A239,-2.000054,-54.076479,101,06/07/2012,http://www.inmet.gov.br/sonabra/pg_dspDadosCodigo_sim.php?QTIzOQ==
NovoRepartimento,A235,-4.243989,-49.939308,101,23/07/2008,http://www.inmet.gov.br/sonabra/pg_dspDadosCodigo_sim.php?QTIzNQ==
Óbidos,A232,-1.880789,-55.519856,90,05/07/2012,http://www.inmet.gov.br/sonabra/pg_dspDadosCodigo_sim.php?QTIzMg==
Pacajá,A210,-3.843701,-50.638098,89,27/02/2008,http://www.inmet.gov.br/sonabra/pg_dspDadosCodigo_sim.php?QTIxMA==
Paragominas,A212,-2.990361,-47.407833,113,18/10/2007,http://www.inmet.gov.br/sonabra/pg_dspDadosCodigo_sim.php?QTIxMg==
Placas,A211,-3.864040,-54.216416,100,14/02/2008,http://www.inmet.gov.br/sonabra/pg_dspDadosCodigo_sim.php?QTIxMQ==
RondondoPará,A214,-4.827501,-48.173556,203,17/04/2008,http://www.inmet.gov.br/sonabra/pg_dspDadosCodigo_sim.php?QTIxNA==
Salinópolis,A215,-0.618884,-47.356596,23,14/06/2008,http://www.inmet.gov.br/sonabra/pg_dspDadosCodigo_sim.php?QTIxNQ==
SantanadoAraguaia,A233,-9.338611,-50.35028,177,30/05/2008,http://www.inmet.gov.br/sonabra/pg_dspDadosCodigo_sim.php?QTIzMw==
Santarém,A250,-2.502572,-54.720279,137,02/09/2015,http://www.inmet.gov.br/sonabra/pg_dspDadosCodigo_sim.php?QTI1MA==
SãoFélixdoXingu,A216,-6.639622,-51.956966,211,16/11/2016,http://www.inmet.gov.br/sonabra/pg_dspDadosCodigo_sim.php?QTIxNg==
SerradosCarajás,A230,-6.077427,-50.142265,707,03/09/2008,http://www.inmet.gov.br/sonabra/pg_dspDadosCodigo_sim.php?QTIzMA==
Soure,A227,-0.727827,-48.515795,13,27/04/2008,http://www.inmet.gov.br/sonabra/pg_dspDadosCodigo_sim.php?QTIyNw==
ToméAçu,A213,-2.592606,-48.360585,43,14/10/2007,http://www.inmet.gov.br/sonabra/pg_dspDadosCodigo_sim.php?QTIxMw==
Tucumã,A234,-6.743208,-51.141899,321,18/07/2008,http://www.inmet.gov.br/sonabra/pg_dspDadosCodigo_sim.php?QTIzNA==
Tucuruí,A229,-3.822760,-49.674956,138,01/03/2008,http://www.inmet.gov.br/sonabra/pg_dspDadosCodigo_sim.php?QTIyOQ==
Xinguara,A247,-7.110518,-49.926072,245,11/09/2016,http://www.inmet.gov.br/sonabra/pg_dspDadosCodigo_sim.php?QTI0Nw==
Areia,A310,-6.975451,-35.718128,573,16/11/2004,http://www.inmet.gov.br/sonabra/pg_dspDadosCodigo_sim.php?QTMxMA==
Cabaceiras,A348,-7.483206,-36.286469,392,28/02/2008,http://www.inmet.gov.br/sonabra/pg_dspDadosCodigo_sim.php?QTM0OA==
Camaratuba,A352,-6.561813,-35.135316,136,04/05/2008,http://www.inmet.gov.br/sonabra/pg_dspDadosCodigo_sim.php?QTM1Mg==
CampinaGrande,A313,-7.225574,-35.904831,546,22/12/2006,http://www.inmet.gov.br/sonabra/pg_dspDadosCodigo_sim.php?QTMxMw==
Itaporanga,A373,-7.318459,-38.140843,292,03/11/2017,http://www.inmet.gov.br/sonabra/pg_dspDadosCodigo_sim.php?QTM3Mw==
JoãoPessoa,A320,-7.165409,-34.815627,34,21/07/2007,http://www.inmet.gov.br/sonabra/pg_dspDadosCodigo_sim.php?QTMyMA==
Monteiro,A334,-7.894465,-37.124704,606,22/08/2007,http://www.inmet.gov.br/sonabra/pg_dspDadosCodigo_sim.php?QTMzNA==
Patos,A321,-7.079836,-37.272817,264,21/07/2007,http://www.inmet.gov.br/sonabra/pg_dspDadosCodigo_sim.php?QTMyMQ==
SãoGonçalo,A333,-6.835777,-38.311583,237,06/11/2007,http://www.inmet.gov.br/sonabra/pg_dspDadosCodigo_sim.php?QTMzMw==
ArcoVerde,A309,-8.433544,-37.055477,684,20/11/2004,http://www.inmet.gov.br/sonabra/pg_dspDadosCodigo_sim.php?QTMwOQ==
Cabrobó,A329,-8.504000,-39.315280,343,04/09/2007,http://www.inmet.gov.br/sonabra/pg_dspDadosCodigo_sim.php?QTMyOQ==
Caruaru,A341,-8.236069,-35.985550,570,21/11/2007,http://www.inmet.gov.br/sonabra/pg_dspDadosCodigo_sim.php?QTM0MQ==
Floresta,A351,-8.598785,-38.584062,327,15/09/2008,http://www.inmet.gov.br/sonabra/pg_dspDadosCodigo_sim.php?QTM1MQ==
Garanhuns,A322,-8.910950,-36.493381,828,08/07/2007,http://www.inmet.gov.br/sonabra/pg_dspDadosCodigo_sim.php?QTMyMg==
Ibimirim,A349,-8.509552,-37.711591,434,14/10/2008,http://www.inmet.gov.br/sonabra/pg_dspDadosCodigo_sim.php?QTM0OQ==
Ouricuri,A366,-7.885833,-40.102683,458,11/08/2010,http://www.inmet.gov.br/sonabra/pg_dspDadosCodigo_sim.php?QTM2Ng==
Palmares,A357,-8.666667,-35.567921,164,04/09/2008,http://www.inmet.gov.br/sonabra/pg_dspDadosCodigo_sim.php?QTM1Nw==
Petrolina,A307,-9.388323,-40.523262,373,21/02/2003,http://www.inmet.gov.br/sonabra/pg_dspDadosCodigo_sim.php?QTMwNw==
Recife,A301,-8.059280,-34.959239,11,22/12/2004,http://www.inmet.gov.br/sonabra/pg_dspDadosCodigo_sim.php?QTMwMQ==
Salgueiro,A370,-8.0580556,-39.096111,447,15/09/2017,http://www.inmet.gov.br/sonabra/pg_dspDadosCodigo_sim.php?QTM3MA==
SerraTalhada,A350,-7.954277,-38.295082,499,09/07/2008,http://www.inmet.gov.br/sonabra/pg_dspDadosCodigo_sim.php?QTM1MA==
Surubim,A328,-7.839628,-35.801056,421,09/03/2008,http://www.inmet.gov.br/sonabra/pg_dspDadosCodigo_sim.php?QTMyOA==
AlvoradadoGurguéia,A336,-8.441598,-43.865443,261,17/11/2007,http://www.inmet.gov.br/sonabra/pg_dspDadosCodigo_sim.php?QTMzNg==
BomJesusdoPiauí,A326,-9.083251,-44.326470,296,17/07/2007,http://www.inmet.gov.br/sonabra/pg_dspDadosCodigo_sim.php?QTMyNg==
CantodoBuriti,A365,-8.117939,-42.975721,312,12/06/2010,http://www.inmet.gov.br/sonabra/pg_dspDadosCodigo_sim.php?QTM2NQ==
Caracol,A337,-9.285880,-43.324438,515,10/11/2007,http://www.inmet.gov.br/sonabra/pg_dspDadosCodigo_sim.php?QTMzNw==
CastelodoPiauí,A361,-5.349228,-41.512274,269,20/04/2009,http://www.inmet.gov.br/sonabra/pg_dspDadosCodigo_sim.php?QTM2MQ==
Esperantina,A338,-3.899365,-42.259483,88,03/12/2007,http://www.inmet.gov.br/sonabra/pg_dspDadosCodigo_sim.php?QTMzOA==
Floriano,A311,-6.761438,-43.003396,126,18/11/2004,http://www.inmet.gov.br/sonabra/pg_dspDadosCodigo_sim.php?QTMxMQ==
Gilbués,A364,-9.875196,-45.345805,425,16/05/2009,http://www.inmet.gov.br/sonabra/pg_dspDadosCodigo_sim.php?QTM2NA==
Oeiras,A354,-6.974135,-42.146831,154,22/07/2008,http://www.inmet.gov.br/sonabra/pg_dspDadosCodigo_sim.php?QTM1NA==
Parnaíba,A308,-3.086656,-41.783139,52,06/02/2003,http://www.inmet.gov.br/sonabra/pg_dspDadosCodigo_sim.php?QTMwOA==
Paulistana,A330,-8.132288,-41.142945,376,31/08/2007,http://www.inmet.gov.br/sonabra/pg_dspDadosCodigo_sim.php?QTMzMA==
Picos,A343,-7.071016,-41.404042,233,12/12/2008,http://www.inmet.gov.br/sonabra/pg_dspDadosCodigo_sim.php?QTM0Mw==
Piripiri,A335,-4.276047,-41.794568,158,31/08/2007,http://www.inmet.gov.br/sonabra/pg_dspDadosCodigo_sim.php?QTMzNQ==
SãoJoãodoPiauí,A331,-8.364977,-42.250369,237,26/08/2007,http://www.inmet.gov.br/sonabra/pg_dspDadosCodigo_sim.php?QTMzMQ==
SãoPedrodoPiaui,A362,-5.911033,-42.718729,296,20/05/2009,http://www.inmet.gov.br/sonabra/pg_dspDadosCodigo_sim.php?QTM2Mg==
SãoRaimundoNonato,A345,-9.033211,-42.701112,383,27/02/2008,http://www.inmet.gov.br/sonabra/pg_dspDadosCodigo_sim.php?QTM0NQ==
Teresina,A312,-5.034769,-42.801341,75,24/11/2004,http://www.inmet.gov.br/sonabra/pg_dspDadosCodigo_sim.php?QTMxMg==
Uruçui,A346,-7.441420,-44.345055,399,06/03/2008,http://www.inmet.gov.br/sonabra/pg_dspDadosCodigo_sim.php?QTM0Ng==
ValençadoPiauí,A363,-6.399274,-41.739953,313,18/04/2009,http://www.inmet.gov.br/sonabra/pg_dspDadosCodigo_sim.php?QTM2Mw==
Castro,A819,-24.786954,-49.999266,994,09/07/2006,http://www.inmet.gov.br/sonabra/pg_dspDadosCodigo_sim.php?QTgxOQ==
CidadeGaúcha,A869,-23.359156,-52.931912,366,10/03/2008,http://www.inmet.gov.br/sonabra/pg_dspDadosCodigo_sim.php?QTg2OQ==
Clevelândia,A876,-26.417200,-52.348741,966,16/05/2008,http://www.inmet.gov.br/sonabra/pg_dspDadosCodigo_sim.php?QTg3Ng==
Curitiba,A807,-25.448688,-49.230602,923,28/01/2003,http://www.inmet.gov.br/sonabra/pg_dspDadosCodigo_sim.php?QTgwNw==
DiamantedoNorte,A849,-22.639366,-52.890156,368,08/03/2008,http://www.inmet.gov.br/sonabra/pg_dspDadosCodigo_sim.php?QTg0OQ==
DoisVizinhos,A843,-25.699063,-53.095273,546,29/03/2007,http://www.inmet.gov.br/sonabra/pg_dspDadosCodigo_sim.php?QTg0Mw==
FozdoIguaçu,A846,-25.601834,-54.483065,235,15/02/2008,http://www.inmet.gov.br/sonabra/pg_dspDadosCodigo_sim.php?QTg0Ng==
GeneralCarneiro,A875,-26.398473,-51.353670,1,009,10/04/2008,http://www.inmet.gov.br/sonabra/pg_dspDadosCodigo_sim.php?QTg3NQ==
Icaraíma,A824,-23.390380,-53.635933,381,15/11/2006,http://www.inmet.gov.br/sonabra/pg_dspDadosCodigo_sim.php?QTgyNA==
IlhadoMel,A847,-25.494522,-48.326041,4,23/03/2007,http://www.inmet.gov.br/sonabra/pg_dspDadosCodigo_sim.php?QTg0Nw==
InácioMartins,A823,-25.567879,-51.077946,1,209,16/10/2006,http://www.inmet.gov.br/sonabra/pg_dspDadosCodigo_sim.php?QTgyMw==
Ivaí,A818,-25.010757,-50.853853,804,12/07/2006,http://www.inmet.gov.br/sonabra/pg_dspDadosCodigo_sim.php?QTgxOA==
Japira,A871,-23.773341,-50.180570,693,28/02/2008,http://www.inmet.gov.br/sonabra/pg_dspDadosCodigo_sim.php?QTg3MQ==
JoaquimTávora,A821,-23.505266,-49.946387,513,23/11/2006,http://www.inmet.gov.br/sonabra/pg_dspDadosCodigo_sim.php?QTgyMQ==
MarechalCândidoRondon,A820,-24.533303,-54.019248,392,18/11/2006,http://www.inmet.gov.br/sonabra/pg_dspDadosCodigo_sim.php?QTgyMA==
Maringá,A835,-23.405357,-51.932828,549,21/11/2006,http://www.inmet.gov.br/sonabra/pg_dspDadosCodigo_sim.php?QTgzNQ==
Morretes,A873,-25.508935,-48.808681,50,13/03/2008,http://www.inmet.gov.br/sonabra/pg_dspDadosCodigo_sim.php?QTg3Mw==
NovaFátima,A842,-23.415284,-50.577744,664,08/02/2007,http://www.inmet.gov.br/sonabra/pg_dspDadosCodigo_sim.php?QTg0Mg==
NovaTebas,A822,-24.437346,-51.963020,656,20/12/2006,http://www.inmet.gov.br/sonabra/pg_dspDadosCodigo_sim.php?QTgyMg==
Paranapoema,A850,-22.658273,-52.134526,309,05/03/2008,http://www.inmet.gov.br/sonabra/pg_dspDadosCodigo_sim.php?QTg1MA==
Planalto,A855,-25.721863,-53.747920,399,07/11/2007,http://www.inmet.gov.br/sonabra/pg_dspDadosCodigo_sim.php?QTg1NQ==
SãoMateusdoSul,A874,-25.835604,-50.368994,780,18/04/2011,http://www.inmet.gov.br/sonabra/pg_dspDadosCodigo_sim.php?QTg3NA==
Ventania,A872,-24.280394,-50.210150,1,093,15/04/2011,http://www.inmet.gov.br/sonabra/pg_dspDadosCodigo_sim.php?QTg3Mg==
AngradosReis,A628,-22.975694,-44.303444,6,25/08/2017,http://www.inmet.gov.br/sonabra/pg_dspDadosCodigo_sim.php?QTYyOA==
ArraialdoCabo,A606,-22.975468,-42.021450,3,22/09/2006,http://www.inmet.gov.br/sonabra/pg_dspDadosCodigo_sim.php?QTYwNg==
Cambuci,A604,-21.587729,-41.958327,60,20/11/2002,http://www.inmet.gov.br/sonabra/pg_dspDadosCodigo_sim.php?QTYwNA==
CamposdosGoytacazes,A607,-21.714767,-41.344017,17,22/09/2006,http://www.inmet.gov.br/sonabra/pg_dspDadosCodigo_sim.php?QTYwNw==
Campos,A620,-22.041647,-41.051871,7,13/06/2008,http://www.inmet.gov.br/sonabra/pg_dspDadosCodigo_sim.php?QTYyMA==
DuquedeCaxias,A603,-22.589806,-43.282233,24,21/10/2002,http://www.inmet.gov.br/sonabra/pg_dspDadosCodigo_sim.php?QTYwMw==
Itatiaia,A635,-22.373944,-44.703111,2,450,01/09/2017,http://www.inmet.gov.br/sonabra/pg_dspDadosCodigo_sim.php?QTYzNQ==
Macaé,A608,-22.376318,-41.812053,25,22/09/2006,http://www.inmet.gov.br/sonabra/pg_dspDadosCodigo_sim.php?QTYwOA==
NovaFriburgo,A624,-22.334839,-42.676932,1,065,18/09/2010,http://www.inmet.gov.br/sonabra/pg_dspDadosCodigo_sim.php?QTYyNA==
Paraty,A619,-23.223540,-44.726863,3,06/12/2006,http://www.inmet.gov.br/sonabra/pg_dspDadosCodigo_sim.php?QTYxOQ==
Petrópolis,A610,-22.464889,-43.291505,1,758,22/10/2006,http://www.inmet.gov.br/sonabra/pg_dspDadosCodigo_sim.php?QTYxMA==
Resende,A609,-22.450924,-44.444786,439,29/09/2006,http://www.inmet.gov.br/sonabra/pg_dspDadosCodigo_sim.php?QTYwOQ==
RioClaro(PassaTrês),A626,-22.653580,-44.040916,516,03/06/2016,http://www.inmet.gov.br/sonabra/pg_dspDadosCodigo_sim.php?QTYyNg==
RiodeJaneiro,A652,-22.988286,-43.190436,26,18/05/2007,http://www.inmet.gov.br/sonabra/pg_dspDadosCodigo_sim.php?QTY1Mg==
RiodeJaneiro,A636,-22.939883,-43.402897,20,10/08/2017,http://www.inmet.gov.br/sonabra/pg_dspDadosCodigo_sim.php?QTYzNg==
RiodeJaneiro,A602,-23.050334,-43.595685,9,07/10/2002,http://www.inmet.gov.br/sonabra/pg_dspDadosCodigo_sim.php?QTYwMg==
RiodeJaneiro,A621,-22.861322,-43.411410,30,13/04/2007,http://www.inmet.gov.br/sonabra/pg_dspDadosCodigo_sim.php?QTYyMQ==
Saquarema,A667,-22.871321,-42.609219,26,02/08/2015,http://www.inmet.gov.br/sonabra/pg_dspDadosCodigo_sim.php?QTY2Nw==
Seropédica,A601,-22.757868,-43.684843,35,07/05/2000,http://www.inmet.gov.br/sonabra/pg_dspDadosCodigo_sim.php?QTYwMQ==
SilvaJardim,A659,-22.645911,-42.415775,19,28/08/2015,http://www.inmet.gov.br/sonabra/pg_dspDadosCodigo_sim.php?QTY1OQ==
Teresópolis,A618,-22.448922,-42.987146,991,01/11/2006,http://www.inmet.gov.br/sonabra/pg_dspDadosCodigo_sim.php?QTYxOA==
TrêsRios,A625,-22.098391,-43.208574,305,07/06/2016,http://www.inmet.gov.br/sonabra/pg_dspDadosCodigo_sim.php?QTYyNQ==
Valença,A611,-22.358094,-43.695656,367,25/09/2006,http://www.inmet.gov.br/sonabra/pg_dspDadosCodigo_sim.php?QTYxMQ==
Apodi,A340,-5.626559,-37.814991,131,14/11/2007,http://www.inmet.gov.br/sonabra/pg_dspDadosCodigo_sim.php?QTM0MA==
Caicó,A316,-6.467474,-37.084931,171,07/01/2007,http://www.inmet.gov.br/sonabra/pg_dspDadosCodigo_sim.php?QTMxNg==
Calcanhar,A344,-5.159925,-35.487616,10,08/05/2008,http://www.inmet.gov.br/sonabra/pg_dspDadosCodigo_sim.php?QTM0NA==
Ipanguaçu,A372,-5.534867,-36.872314,19,08/11/2017,http://www.inmet.gov.br/sonabra/pg_dspDadosCodigo_sim.php?QTM3Mg==
Macau,A317,-5.151035,-36.573142,17,06/01/2007,http://www.inmet.gov.br/sonabra/pg_dspDadosCodigo_sim.php?QTMxNw==
Mossoró,A318,-4.904087,-37.366943,29,22/05/2007,http://www.inmet.gov.br/sonabra/pg_dspDadosCodigo_sim.php?QTMxOA==
Natal,A304,-5.837187,-35.207921,47,24/02/2003,http://www.inmet.gov.br/sonabra/pg_dspDadosCodigo_sim.php?QTMwNA==
SantaCruz,A367,-6.227922,-36.026587,227,17/08/2010,http://www.inmet.gov.br/sonabra/pg_dspDadosCodigo_sim.php?QTM2Nw==
Ariquemes,A940,-9.949001,-62.961873,128,18/07/2008,http://www.inmet.gov.br/sonabra/pg_dspDadosCodigo_sim.php?QTk0MA==
Cacoal,A939,-11.445837,-61.434146,184,20/07/2008,http://www.inmet.gov.br/sonabra/pg_dspDadosCodigo_sim.php?QTkzOQ==
PortoVelho,A925,-8.793662,-63.845931,87,11/07/2007,http://www.inmet.gov.br/sonabra/pg_dspDadosCodigo_sim.php?QTkyNQ==
Vilhena,A938,-12.734862,-60.157784,583,26/08/2008,http://www.inmet.gov.br/sonabra/pg_dspDadosCodigo_sim.php?QTkzOA==
BoaVista,A135,2.816897,-60.690821,82,26/08/2010,http://www.inmet.gov.br/sonabra/pg_dspDadosCodigo_sim.php?QTEzNQ==
Alegrete,A826,-29.709083,-55.525486,121,29/09/2006,http://www.inmet.gov.br/sonabra/pg_dspDadosCodigo_sim.php?QTgyNg==
Bagé,A827,-31.347801,-54.013292,226,04/01/2007,http://www.inmet.gov.br/sonabra/pg_dspDadosCodigo_sim.php?QTgyNw==
BentoGonçalves,A840,-29.164581,-51.534202,623,01/12/2006,http://www.inmet.gov.br/sonabra/pg_dspDadosCodigo_sim.php?QTg0MA==
CaçapavadoSul,A812,-30.545317,-53.467050,421,22/06/2006,http://www.inmet.gov.br/sonabra/pg_dspDadosCodigo_sim.php?QTgxMg==
Camaquã,A838,-30.807953,-51.834240,92,12/12/2006,http://www.inmet.gov.br/sonabra/pg_dspDadosCodigo_sim.php?QTgzOA==
CambarádoSul,A897,-29.049125,-50.149636,1,017,24/11/2016,http://www.inmet.gov.br/sonabra/pg_dspDadosCodigo_sim.php?QTg5Nw==
CampoBom,A884,-29.674293,-51.064042,23,29/11/2013,http://www.inmet.gov.br/sonabra/pg_dspDadosCodigo_sim.php?QTg4NA==
Canela,A879,-29.368788,-50.827231,831,23/08/2008,http://www.inmet.gov.br/sonabra/pg_dspDadosCodigo_sim.php?QTg3OQ==
Canguçu,A811,-31.403299,-52.700699,447,24/01/2007,http://www.inmet.gov.br/sonabra/pg_dspDadosCodigo_sim.php?QTgxMQ==
CruzAlta,A853,-28.603440,-53.673597,427,31/05/2007,http://www.inmet.gov.br/sonabra/pg_dspDadosCodigo_sim.php?QTg1Mw==
DomPedrito,A881,-30.992475,-54.815270,157,23/04/2010,http://www.inmet.gov.br/sonabra/pg_dspDadosCodigo_sim.php?QTg4MQ==
Erechim,A828,-27.657710,-52.305805,777,25/11/2006,http://www.inmet.gov.br/sonabra/pg_dspDadosCodigo_sim.php?QTgyOA==
FredericoWestphalen,A854,-27.395686,-53.429421,489,13/12/2007,http://www.inmet.gov.br/sonabra/pg_dspDadosCodigo_sim.php?QTg1NA==
Ibirubá,A883,-28.653458,-53.111881,455,13/12/2012,http://www.inmet.gov.br/sonabra/pg_dspDadosCodigo_sim.php?QTg4Mw==
Jaguarão,A836,-32.534825,-53.375860,31,09/01/2007,http://www.inmet.gov.br/sonabra/pg_dspDadosCodigo_sim.php?QTgzNg==
LagoaVemelha,A844,-28.222381,-51.512845,834,02/03/2007,http://www.inmet.gov.br/sonabra/pg_dspDadosCodigo_sim.php?QTg0NA==
Mostardas,A878,-31.248279,-50.906279,4,12/03/2008,http://www.inmet.gov.br/sonabra/pg_dspDadosCodigo_sim.php?QTg3OA==
PalmeiradasMissões,A856,-27.920379,-53.318049,614,27/02/2008,http://www.inmet.gov.br/sonabra/pg_dspDadosCodigo_sim.php?QTg1Ng==
PassoFundo,A839,-28.226805,-52.403582,681,27/11/2006,http://www.inmet.gov.br/sonabra/pg_dspDadosCodigo_sim.php?QTgzOQ==
PortoAlegre,A801,-30.053536,-51.174766,41,18/09/2000,http://www.inmet.gov.br/sonabra/pg_dspDadosCodigo_sim.php?QTgwMQ==
Quaraí,A831,-30.368578,-56.437115,113,17/10/2007,http://www.inmet.gov.br/sonabra/pg_dspDadosCodigo_sim.php?QTgzMQ==
RioGrande,A802,-32.078780,-52.167738,5,06/09/2001,http://www.inmet.gov.br/sonabra/pg_dspDadosCodigo_sim.php?QTgwMg==
RioPardo,A813,-29.872113,-52.381980,107,01/10/2006,http://www.inmet.gov.br/sonabra/pg_dspDadosCodigo_sim.php?QTgxMw==
SantaMaria,A803,-29.724960,-53.720469,103,03/09/2001,http://www.inmet.gov.br/sonabra/pg_dspDadosCodigo_sim.php?QTgwMw==
SantanadoLivramento,A804,-30.842449,-55.613089,328,21/11/2001,http://www.inmet.gov.br/sonabra/pg_dspDadosCodigo_sim.php?QTgwNA==
SantaRosa,A810,-27.890463,-54.480014,273,15/11/2006,http://www.inmet.gov.br/sonabra/pg_dspDadosCodigo_sim.php?QTgxMA==
SantaVitóriadoPalmar(BarradoChuí),A899,-33.742297,-53.372218,7,15/03/2008,http://www.inmet.gov.br/sonabra/pg_dspDadosCodigo_sim.php?QTg5OQ==
Santiago,A833,-29.191599,-54.885653,390,05/02/2009,http://www.inmet.gov.br/sonabra/pg_dspDadosCodigo_sim.php?QTgzMw==
SantoAugusto,A805,-27.854345,-53.791179,490,05/12/2001,http://www.inmet.gov.br/sonabra/pg_dspDadosCodigo_sim.php?QTgwNQ==
SãoBorja,A830,-28.650092,-56.016291,81,21/07/2007,http://www.inmet.gov.br/sonabra/pg_dspDadosCodigo_sim.php?QTgzMA==
SãoGabriel,A832,-30.341438,-54.310909,115,12/10/2007,http://www.inmet.gov.br/sonabra/pg_dspDadosCodigo_sim.php?QTgzMg==
SãoJosédosAusentes,A829,-28.748615,-50.057869,1,229,26/10/2006,http://www.inmet.gov.br/sonabra/pg_dspDadosCodigo_sim.php?QTgyOQ==
SãoLuizGonzaga,A852,-28.417113,-54.962403,246,25/07/2007,http://www.inmet.gov.br/sonabra/pg_dspDadosCodigo_sim.php?QTg1Mg==
SãoVicentedoSul,A889,-29.702111,-54.694319,134,06/04/2016,http://www.inmet.gov.br/sonabra/pg_dspDadosCodigo_sim.php?QTg4OQ==
SerafinaCorrêa,A894,-28.704806,-51.870751,545,06/04/2016,http://www.inmet.gov.br/sonabra/pg_dspDadosCodigo_sim.php?QTg5NA==
Soledade,A837,-28.859211,-52.542387,660,27/02/2008,http://www.inmet.gov.br/sonabra/pg_dspDadosCodigo_sim.php?QTgzNw==
Teutônia,A882,-29.450334,-51.824283,80,04/10/2012,http://www.inmet.gov.br/sonabra/pg_dspDadosCodigo_sim.php?QTg4Mg==
Torres,A808,-29.350359,-49.733263,8,01/06/2006,http://www.inmet.gov.br/sonabra/pg_dspDadosCodigo_sim.php?QTgwOA==
Tramandaí,A834,-30.010268,-50.135887,5,09/03/2008,http://www.inmet.gov.br/sonabra/pg_dspDadosCodigo_sim.php?QTgzNA==
Tupanciretã,A886,-29.0893814,-53.82665025,462,11/08/2016,http://www.inmet.gov.br/sonabra/pg_dspDadosCodigo_sim.php?QTg4Ng==
Uruguaiana,A809,-29.839870,-57.081899,74,25/09/2006,http://www.inmet.gov.br/sonabra/pg_dspDadosCodigo_sim.php?QTgwOQ==
Vacaria,A880,-28.513602,-50.882738,970,26/04/2008,http://www.inmet.gov.br/sonabra/pg_dspDadosCodigo_sim.php?QTg4MA==
Araranguá,A867,-28.931353,-49.497920,2,28/09/2008,http://www.inmet.gov.br/sonabra/pg_dspDadosCodigo_sim.php?QTg2Nw==
Caçador,A859,-26.819156,-50.985520,944,19/03/2008,http://www.inmet.gov.br/sonabra/pg_dspDadosCodigo_sim.php?QTg1OQ==
Curitibanos,A860,-27.288624,-50.604283,978,03/03/2008,http://www.inmet.gov.br/sonabra/pg_dspDadosCodigo_sim.php?QTg2MA==
DionísioCerqueira,A848,-26.286562,-53.633114,808,31/05/2008,http://www.inmet.gov.br/sonabra/pg_dspDadosCodigo_sim.php?QTg0OA==
Florianópolis,A806,-27.602530,-48.620096,5,22/01/2003,http://www.inmet.gov.br/sonabra/pg_dspDadosCodigo_sim.php?QTgwNg==
Indaial,A817,-26.913704,-49.267978,72,02/07/2006,http://www.inmet.gov.br/sonabra/pg_dspDadosCodigo_sim.php?QTgxNw==
Itajaí,A868,-26.950924,-48.762031,10,24/06/2010,http://www.inmet.gov.br/sonabra/pg_dspDadosCodigo_sim.php?QTg2OA==
Itapoá,A851,-26.081303,-48.641774,6,06/06/2007,http://www.inmet.gov.br/sonabra/pg_dspDadosCodigo_sim.php?QTg1MQ==
Ituporanga,A863,-27.418410,-49.646874,480,05/03/2008,http://www.inmet.gov.br/sonabra/pg_dspDadosCodigo_sim.php?QTg2Mw==
Joaçaba,A841,-27.169268,-51.558963,768,19/09/2007,http://www.inmet.gov.br/sonabra/pg_dspDadosCodigo_sim.php?QTg0MQ==
Lages,A865,-27.802228,-50.335457,953,06/11/2014,http://www.inmet.gov.br/sonabra/pg_dspDadosCodigo_sim.php?QTg2NQ==
Laguna(FarolSantaMarta),A866,-28.604414,-48.813313,34,31/05/2008,http://www.inmet.gov.br/sonabra/pg_dspDadosCodigo_sim.php?QTg2Ng==
MajorVieira,A864,-26.393664,-50.363211,800,09/02/2009,http://www.inmet.gov.br/sonabra/pg_dspDadosCodigo_sim.php?QTg2NA==
MorrodaIgreja(BomJardimdaSerra),A845,-28.126992,-49.479610,1,790,18/06/2007,http://www.inmet.gov.br/sonabra/pg_dspDadosCodigo_sim.php?QTg0NQ==
NovoHorizonte,A816,-26.406499,-52.850366,944,20/09/2008,http://www.inmet.gov.br/sonabra/pg_dspDadosCodigo_sim.php?QTgxNg==
RanchoQueimado,A870,-27.678507,-49.042027,881,01/06/2016,http://www.inmet.gov.br/sonabra/pg_dspDadosCodigo_sim.php?QTg3MA==
RiodoCampo,A861,-26.937526,-50.145445,592,06/03/2008,http://www.inmet.gov.br/sonabra/pg_dspDadosCodigo_sim.php?QTg2MQ==
RioNegrinho,A862,-26.248411,-49.580624,857,22/03/2008,http://www.inmet.gov.br/sonabra/pg_dspDadosCodigo_sim.php?QTg2Mg==
SãoJoaquim,A815,-28.275640,-49.934617,1,400,12/04/2008,http://www.inmet.gov.br/sonabra/pg_dspDadosCodigo_sim.php?QTgxNQ==
SãoMigueldoOeste,A857,-26.776699,-53.504541,655,12/03/2008,http://www.inmet.gov.br/sonabra/pg_dspDadosCodigo_sim.php?QTg1Nw==
Urussanga,A814,-28.532557,-49.315205,41,28/05/2008,http://www.inmet.gov.br/sonabra/pg_dspDadosCodigo_sim.php?QTgxNA==
Xanxerê,A858,-26.938666,-52.398090,879,15/03/2008,http://www.inmet.gov.br/sonabra/pg_dspDadosCodigo_sim.php?QTg1OA==
Aracaju,A409,-10.952413,-37.054330,4,12/02/2003,http://www.inmet.gov.br/sonabra/pg_dspDadosCodigo_sim.php?QTQwOQ==
BrejoGrande,A421,-10.473959,-36.482051,6,17/07/2008,http://www.inmet.gov.br/sonabra/pg_dspDadosCodigo_sim.php?QTQyMQ==
Carira,A420,-10.399719,-37.747503,290,28/03/2008,http://www.inmet.gov.br/sonabra/pg_dspDadosCodigo_sim.php?QTQyMA==
ITABAIANA,A451,-10.671751,-37.471501,0,24/04/2017,http://www.inmet.gov.br/sonabra/pg_dspDadosCodigo_sim.php?QTQ1MQ==
Itabaianinha,A417,-11.2725,-37.795,205,23/05/2007,http://www.inmet.gov.br/sonabra/pg_dspDadosCodigo_sim.php?QTQxNw==
NossaSenhoradaGlória,A453,-10.207778,-37.431889,271,24/03/2017,http://www.inmet.gov.br/sonabra/pg_dspDadosCodigo_sim.php?QTQ1Mw==
PoçoVerde,A419,-10.738020,-38.108389,367,03/04/2008,http://www.inmet.gov.br/sonabra/pg_dspDadosCodigo_sim.php?QTQxOQ==
Ariranha,A736,-21.132937,-48.840426,525,15/11/2007,http://www.inmet.gov.br/sonabra/pg_dspDadosCodigo_sim.php?QTczNg==
Avaré,A725,-23.101749,-48.940997,776,22/09/2006,http://www.inmet.gov.br/sonabra/pg_dspDadosCodigo_sim.php?QTcyNQ==
BarraBonita,A741,-22.471205,-48.557573,534,28/04/2008,http://www.inmet.gov.br/sonabra/pg_dspDadosCodigo_sim.php?QTc0MQ==
BarradoTurvo,A746,-24.962819,-48.416379,660,04/07/2008,http://www.inmet.gov.br/sonabra/pg_dspDadosCodigo_sim.php?QTc0Ng==
Barretos,A748,-20.559175,-48.544997,534,19/06/2010,http://www.inmet.gov.br/sonabra/pg_dspDadosCodigo_sim.php?QTc0OA==
Baruerí,A755,-23.52389,-46.86945,777,23/03/2011,http://www.inmet.gov.br/sonabra/pg_dspDadosCodigo_sim.php?QTc1NQ==
Bauru,A705,-22.358052,-49.028877,636,30/08/2001,http://www.inmet.gov.br/sonabra/pg_dspDadosCodigo_sim.php?QTcwNQ==
Bebedouro,A764,-20.949197,-48.489944,790,27/11/2016,http://www.inmet.gov.br/sonabra/pg_dspDadosCodigo_sim.php?QTc2NA==
Bertioga,A765,-23.844678,-46.143376,5,01/02/2017,http://www.inmet.gov.br/sonabra/pg_dspDadosCodigo_sim.php?QTc2NQ==
CachoeiraPaulista,A769,-22.689001,-45.005444,586,20/10/2017,http://www.inmet.gov.br/sonabra/pg_dspDadosCodigo_sim.php?QTc2OQ==
CamposdoJordão,A706,-22.750231,-45.603836,1,663,14/03/2002,http://www.inmet.gov.br/sonabra/pg_dspDadosCodigo_sim.php?QTcwNg==
CasaBranca,A738,-21.78056,-47.07528,734,28/06/2007,http://www.inmet.gov.br/sonabra/pg_dspDadosCodigo_sim.php?QTczOA==
Dracena,A762,-21.457699,-51.552254,720,03/11/2016,http://www.inmet.gov.br/sonabra/pg_dspDadosCodigo_sim.php?QTc2Mg==
Franca,A708,-20.584475,-47.382549,1,003,10/12/2002,http://www.inmet.gov.br/sonabra/pg_dspDadosCodigo_sim.php?QTcwOA==
Ibitinga,A737,-21.855567,-48.799717,497,09/11/2007,http://www.inmet.gov.br/sonabra/pg_dspDadosCodigo_sim.php?QTczNw==
Iguape,A712,-24.671654,-47.545896,3,19/07/2006,http://www.inmet.gov.br/sonabra/pg_dspDadosCodigo_sim.php?QTcxMg==
Itapeva,A714,-23.981918,-48.885818,743,25/07/2006,http://www.inmet.gov.br/sonabra/pg_dspDadosCodigo_sim.php?QTcxNA==
Itapira,A739,-22.415062,-46.805292,635,13/11/2007,http://www.inmet.gov.br/sonabra/pg_dspDadosCodigo_sim.php?QTczOQ==
Ituverava,A753,-20.35976,-47.77522,611,17/07/2008,http://www.inmet.gov.br/sonabra/pg_dspDadosCodigo_sim.php?QTc1Mw==
Jales,A733,-20.165025,-50.595134,460,23/08/2007,http://www.inmet.gov.br/sonabra/pg_dspDadosCodigo_sim.php?QTczMw==
JoséBonifácio,A735,-21.085675,-49.920388,408,04/09/2007,http://www.inmet.gov.br/sonabra/pg_dspDadosCodigo_sim.php?QTczNQ==
Lins,A727,-21.666045,-49.734854,461,20/09/2006,http://www.inmet.gov.br/sonabra/pg_dspDadosCodigo_sim.php?QTcyNw==
Marília,A763,-22.235222,-49.965111,660,13/05/2017,http://www.inmet.gov.br/sonabra/pg_dspDadosCodigo_sim.php?QTc2Mw==
Ourinhos,A716,-22.949000,-49.894546,443,30/08/2006,http://www.inmet.gov.br/sonabra/pg_dspDadosCodigo_sim.php?QTcxNg==
Piracicaba,A726,-22.703132,-47.623317,566,26/09/2006,http://www.inmet.gov.br/sonabra/pg_dspDadosCodigo_sim.php?QTcyNg==
Pradópolis,A747,-21.338432,-48.114007,540,20/04/2008,http://www.inmet.gov.br/sonabra/pg_dspDadosCodigo_sim.php?QTc0Nw==
PresidentePrudente,A707,-22.119867,-51.408637,432,03/02/2003,http://www.inmet.gov.br/sonabra/pg_dspDadosCodigo_sim.php?QTcwNw==
Rancharia,A718,-22.372832,-50.974710,399,02/09/2006,http://www.inmet.gov.br/sonabra/pg_dspDadosCodigo_sim.php?QTcxOA==
Registro,A766,-24.533139,-47.864139,35,09/02/2017,http://www.inmet.gov.br/sonabra/pg_dspDadosCodigo_sim.php?QTc2Ng==
SãoCarlos,A711,-21.980353,-47.883927,859,05/09/2006,http://www.inmet.gov.br/sonabra/pg_dspDadosCodigo_sim.php?QTcxMQ==
SãoLuisdoParaitinga,A740,-23.228362,-45.417055,862,01/11/2007,http://www.inmet.gov.br/sonabra/pg_dspDadosCodigo_sim.php?QTc0MA==
SãoMiguelArcanjo,A715,-23.852022,-48.164817,676,16/08/2006,http://www.inmet.gov.br/sonabra/pg_dspDadosCodigo_sim.php?QTcxNQ==
SãoPaulo(MirantedeSantana),A701,-23.496294,-46.620088,786,25/07/2006,http://www.inmet.gov.br/sonabra/pg_dspDadosCodigo_sim.php?QTcwMQ==
SãoSebastião,A767,-23.810722,-45.402528,24,26/10/2017,http://www.inmet.gov.br/sonabra/pg_dspDadosCodigo_sim.php?QTc2Nw==
Sorocaba,A713,-23.426035,-47.585552,609,21/08/2006,http://www.inmet.gov.br/sonabra/pg_dspDadosCodigo_sim.php?QTcxMw==
Taubaté,A728,-23.041668,-45.520841,582,20/12/2006,http://www.inmet.gov.br/sonabra/pg_dspDadosCodigo_sim.php?QTcyOA==
Tupã,A768,-21.927251,-50.490251,498,12/05/2017,http://www.inmet.gov.br/sonabra/pg_dspDadosCodigo_sim.php?QTc2OA==
Valparaiso,A734,-21.319138,-50.930158,382,28/08/2007,http://www.inmet.gov.br/sonabra/pg_dspDadosCodigo_sim.php?QTczNA==
Votuporanga,A729,-20.403221,-49.966031,510,07/12/2006,http://www.inmet.gov.br/sonabra/pg_dspDadosCodigo_sim.php?QTcyOQ==
Almas,A053,-11.284098,-47.212125,503,01/04/2016,http://www.inmet.gov.br/sonabra/pg_dspDadosCodigo_sim.php?QTA1Mw==
Araguaçu,A054,-12.592213,-49.528738,231,19/08/2015,http://www.inmet.gov.br/sonabra/pg_dspDadosCodigo_sim.php?QTA1NA==
Araguaina,A021,-7.103954,-48.201231,231,26/01/2007,http://www.inmet.gov.br/sonabra/pg_dspDadosCodigo_sim.php?QTAyMQ==
Araguatins,A044,-5.643725,-48.111839,131,12/03/2009,http://www.inmet.gov.br/sonabra/pg_dspDadosCodigo_sim.php?QTA0NA==
CamposLindos,A043,-8.154665,-46.639323,427,29/10/2012,http://www.inmet.gov.br/sonabra/pg_dspDadosCodigo_sim.php?QTA0Mw==
ColinasdoTocantins,A049,-8.092708,-48.478605,200,12/11/2016,http://www.inmet.gov.br/sonabra/pg_dspDadosCodigo_sim.php?QTA0OQ==
Dianópolis,A038,-11.594448,-46.847209,728,30/08/2008,http://www.inmet.gov.br/sonabra/pg_dspDadosCodigo_sim.php?QTAzOA==
FormosodoAraguaia,A039,-11.887377,-49.608215,215,27/04/2008,http://www.inmet.gov.br/sonabra/pg_dspDadosCodigo_sim.php?QTAzOQ==
Gurupi,A019,-11.745782,-49.049703,279,20/12/2006,http://www.inmet.gov.br/sonabra/pg_dspDadosCodigo_sim.php?QTAxOQ==
LagoadaConfusão,A055,-10.828286,-49.847882,178,15/11/2016,http://www.inmet.gov.br/sonabra/pg_dspDadosCodigo_sim.php?QTA1NQ==
MarianópolisdoTocantins,A041,-9.576389,-49.72333,187,24/11/2012,http://www.inmet.gov.br/sonabra/pg_dspDadosCodigo_sim.php?QTA0MQ==
Mateiros,A040,-10.434441,-45.921941,791,25/10/2012,http://www.inmet.gov.br/sonabra/pg_dspDadosCodigo_sim.php?QTA0MA==
Palmas,A009,-10.190744,-48.301811,292,17/12/2004,http://www.inmet.gov.br/sonabra/pg_dspDadosCodigo_sim.php?QTAwOQ==
Paranã,A010,-12.614893,-47.871917,285,04/03/2005,http://www.inmet.gov.br/sonabra/pg_dspDadosCodigo_sim.php?QTAxMA==
PedroAfonso,A020,-8.968677,-48.177259,190,23/01/2007,http://www.inmet.gov.br/sonabra/pg_dspDadosCodigo_sim.php?QTAyMA==
Peixe,A018,-12.015377,-48.544517,251,01/12/2006,http://www.inmet.gov.br/sonabra/pg_dspDadosCodigo_sim.php?QTAxOA==
Pium,A051,-10.476944,-49.629475,161,06/04/2016,http://www.inmet.gov.br/sonabra/pg_dspDadosCodigo_sim.php?QTA1MQ==
RioSono,A050,-9.793363,-47.132732,291,03/08/2016,http://www.inmet.gov.br/sonabra/pg_dspDadosCodigo_sim.php?QTA1MA==
SantaFédoAraguaia,A048,-7.124191,-48.781267,171,30/07/2016,http://www.inmet.gov.br/sonabra/pg_dspDadosCodigo_sim.php?QTA0OA==
SantaRosadoTocantins,A052,-11.429018,-48.184889,306,14/08/2015,http://www.inmet.gov.br/sonabra/pg_dspDadosCodigo_sim.php?QTA1Mg==
